Название,Цена (в рублях)
Диван прямой Аронт Мини Velvet Terra,14248
Диван прямой Спейс Velvet Olive,56990
Диван прямой Нумо Мини Textile Light,71990
Диван угловой Онте Bucle Eclipse,16998
Диван прямой Мелоу Velvet Smoke,67990
Диван прямой Клаймар Velvet Terra,92990
Диван прямой Льери Мини Velvet Yellow,6748
Диван прямой Нумо Velvet Green,26990
Диван прямой Ларонсо Soft Silver,43990
Диван угловой Нордика мини Velvet Yellow,18332
Диван модульный Риббл-1 Bucle Mint,109990
Диван прямой Эби Velvet Coral,129990
Диван прямой Виена Velvet Smoke,13748
Диван угловой Эдвин Velvet Terra,54990
Диван модульный Brera-7 Velour Mix,68990
Диван угловой Аллаум Linia Stone,15748
Диван прямой Тилар Cozy Milk,62990
Диван прямой Сваут Velvet Mustard,84990
Диван прямой Ларонсо Soft Blue,16248
Диван угловой Аронт Мини Velvet Pink,64990
Диван прямой Инес Vertical Blue,92990
Диван угловой Дарол Velvet Silver,9998
Диван угловой Нордика мини Velvet Coral,39990
Диван прямой Бонент Velvet Eclipse,56990
Диван прямой Эби Мини Linia Mint,16165
Диван прямой Роттердам Velvet Yellow,96990
Диван прямой Бруквиль Velvet Blue,129990
Диван прямой Слипсон Мини Linia Stone,13748
Диван угловой Динс Velvet Navy Blue,54990
Диван прямой Кейсес Velvet Grey,79990
Диван прямой Линс Velvet Navy Blue,19745
Диван прямой Стаус Velvet Caramel,78980
Диван прямой Види Textile Ocean,16748
Диван прямой Бонс-Т Velvet Emerald,66990
Диван прямой Виенсо Bucle Sand,103990
Диван прямой Лави Velvet Yellow,16248
Диван прямой Риен Velvet Smoke,64990
Диван угловой Мисл-1 Barhat Marsala,87990
Диван угловой Вильен мини Velvet Terra,19248
Диван прямой Пайпел Bucle Grafit,76990
Диван прямой Мейлон Velvet Beige,102990
Кушетка Кото Cozy Ivory,29829
Диван прямой Марей Soft Grey,178970
Диван прямой Сорен Textile Yellow,14248
Диван прямой Лачи Velvet Yellow,56990
Диван прямой Данста Velvet Light,71990
Диван угловой Шера Velvet Olive,7998
Диван прямой Викс Textile Grafit,31990
Диван прямой Нумо Velvet Grey,37990
Диван прямой Хевит Velvet Eclipse,16998
Диван прямой Лачи Velvet Silver,67990
Диван угловой Эдвин Velvet Moss,86990
Диван прямой Риббл-6 Bucle Lilac,16165
Диван прямой Стаус Velvet Olive,96990
Диван угловой Ройн Мини Velvet Pink,129990
Диван угловой Вайвел Barhat Smoke,14998
Диван прямой Рон Textile Plum,59990
Кушетка Олтен Textile Blue,74990
Диван прямой Порту мини Textile Grafit,11998
Диван прямой Рейли Velvet Mint,47990
Диван прямой Терм Velvet Smoke,73990
Кушетка Венето Velvet Terra,17248
Диван модульный Brera-4 Bucle Beige,68990
Диван угловой Мейлон Velvet Terra,98990
Диван прямой Арклоу Soft Silver,13748
Диван модульный Нолан-B 4 Soft Yellow,54990
Диван прямой Стаус Velvet Blue,79990
Диван прямой Порту Textile Brown,13832
Диван прямой Кела Мини Velvet Grafit,82990
Диван прямой Роттердам Velvet Olive,119990
Диван прямой Боско-3 Land Yellow,14998
Диван прямой Нумо Velvet Latte,59990
Диван угловой Ларонсо Soft Pearl,85990
Диван прямой Роттердам-3 Velvet Blue,6998
Диван угловой Онте Bucle Silver,27990
Диван угловой Амрано Velvet Stone,36990
Диван прямой Льери-1 Soft Light,13748
Диван прямой Биани Bucle Beige,54990
Диван прямой Арклоу Cozy Ivory,73990
Диван прямой Саннес Velvet Silver,11998
Диван прямой Кускен Vertiсal Lavender,47990
Диван угловой Шера Velvet Blue,59990
Диван угловой Спейс-2 Velvet Terra,16248
Диван модульный Риббл-3 Bucle Mint,64990
Диван прямой Льери Мини Velvet Grey,81990
Кушетка Мона Velvet Olive,6998
Диван прямой Самми Velvet Plum,27990
Диван прямой Самми Velvet Beige,36990
Кушетка Роби Textile Coral,8748
Кушетка Венето Velvet Smoke,34990
Диван модульный Этен 7 Vertical Jeans,49990
Диван угловой Эдвин-2 Velvet Stone,8248
Диван прямой Льери Barhat Wet Sand,32990
Диван прямой Кела Мини Velvet Ginger,40990
Набор мебели Амелиа Grey,6748
Диван модульный Альди-5 Textile Marsala,26990
Набор мебели Франс Linen,44990
Диван садовый Lotus Textile Ginger,11748
Диван прямой Дисент Velvet Terra,46990
Диван угловой Плэнтис Velvet Grey,76990
Диван прямой Риббл-11 Bucle Mint,19998
Диван модульный Нолан-B 1 Textile Grey,79990
Диван прямой Тут Рядом Дом Уютный Серый,94990
Диван модульный Риббл-3 Bucle Beige,11498
Диван прямой Ситено Barhat Blue,45990
Диван садовый Элден Beige,65990
Диван модульный Нолан-B 2 Soft Grey,14998
Диван прямой Лилле Velvet Stone,59990
Диван прямой Аронт Мини Velvet Grey,74990
Диван прямой Ольен Velvet Sand,18332
Диван прямой Данста Velvet Blue,109990
Диван прямой Мелоу Velvet Beige,138990
Диван модульный Нолан-B 1 Textile Olive,15748
Диван угловой Беллер Textile Grafit,62990
Диван прямой Пайпел-3 Bucle White,84990
Диван прямой Динс Мини Velvet Latte,14998
Диван прямой Виена Bucle Milk,59990
Диван угловой Виена Velvet Olive,70990
Диван прямой Аронт Мини Velvet Smoke,12498
Диван угловой Плэнтис Velvet Olive,49990
Диван прямой Аронт Мини Velvet Pink,73990
Диван угловой Эби-2 Velvet Coral,11748
Диван прямой Данста Velvet Olive,46990
Диван прямой Ольен Мини Textile Galaxy,16165
Диван прямой Мелоу Bucle Shadow,96990
Диван угловой Маркфул Velvet Emerald,121990
Диван модульный Нолан-B 1 Soft Grey,17498
Диван модульный Brera-7 Bucle Beige,69990
Диван прямой Сторм Land Silver,82990
Диван модульный Полан-5 Velvet Ocean,8748
Диван прямой Данста Velvet Yellow,34990
Кушетка Ринт Bucle Yellow,46990
Диван прямой Аронт Мини Velvet Light,17498
Кушетка Оренте Soft Blue,69990
Диван прямой Хевит Velvet Olive,93990
Диван модульный Нолан-B Textile Sand,18332
Диван угловой Бруквиль Velvet Yellow,109990
Диван прямой Аронт Мини Velvet Olive,129990
Диван прямой Коренс-3 Happy Yellow,5748
Диван прямой Клаймар Velvet Olive,22990
Диван модульный Brera-3 Velour Plum,9998
Диван угловой Ларонсо Soft Latte,39990
Диван прямой Аронт Мини Velvet Yellow,56990
Диван прямой Мейлон Velvet Eclipse,10748
Диван модульный Риббл-7 Bucle White,42990
Диван садовый Элден Bordo,50990
Диван прямой Мелоу Velvet Terra,8748
Диван модульный Полан-2 Cozy Ivory,34990
Диван модульный Риббл-6 Bucle White,46990
Диван угловой Лаберт Barhat Latte,19248
Диван прямой Бруквиль Velvet Yellow,76990
Диван угловой Виллес Velvet Stone,102990
Диван прямой Виена Bucle Silver,13248
Диван прямой Види Textile Grafit,52990
Диван прямой Сите-3 Velvet Moss,8248
Диван прямой Мелоу Velvet Eclipse,32990
Кресло модульное Полан Velvet Caramel,40990
Диван модульный Нолан-B Textile Olive,10748
Диван прямой Биани Barhat Cinnamon,42990
Диван модульный Риббл-7 Bucle Mint,57490
Диван угловой Мейлон Velvet Eclipse,16165
Диван прямой Картос Velvet Beige,96990
Диван модульный Brera-4 Velour Plum,129990
Диван модульный Этен 3 Vertical Jeans,13748
Диван прямой Терм Velvet Eclipse,54990
Диван угловой Бонент Velvet Smoke,68990
Диван модульный Риббл-7 Bucle Eclipce,8748
Диван прямой Мелоу Velvet Pink,34990
Диван прямой Мелоу Velvet Olive,6248
Диван прямой Нумо Мини Textile Grafit,24990
Диван прямой Порту Textile Ocean,38990
Диван угловой Дисент-1 Soft Toffe,9248
Диван прямой Сите-2 Velvet Blue,36990
Диван прямой Спейс-2 Velvet Grey,17498
Диван угловой Биани-1 Barhat Cinnamon,69990
Диван модульный Риббл-6 Bucle Grafit,9748
Диван угловой Слипсон Velvet Silver,38990
Диван угловой Лаберт Barhat Smoke,214970
Диван угловой Бонент Bunny Milk,13748
Диван прямой Тут Рядом Дом Уютный Синий,54990
Диван прямой Тут Рядом Дом Уютный Зеленый,78990
Диван модульный Полан-1 Cozy Ivory,14248
Диван модульный Полан-2 Velvet Caramel,56990
Диван прямой Лонди Bunny Milk,24409
Диван угловой Нумо Velvet Grafit,146450
Диван прямой Тут Рядом Дом Уютный Бежевый,183960
Диван угловой Сайле Barhat Silver,8248
Диван прямой Тут Рядом Дом Уютный Оранжевый,32990
Кушетка Норфолк Velvet Silver,40990
Диван угловой Биани-2 Barhat Cinnamon,6498
Диван прямой Лонди Bucle Smoky,25990
Диван прямой Бонент Bunny Milk,39990
